accuracy,balancedAcc,f1,mcc,meanAUROC,n11,precision,recall,sensitivity,specificity,stddev
0.78125,0.6219118559900683,0.3950617283950617,0.26599810094401005,0.6878957169459958,0.7189792330425251,0.4444444444444444,0.35555555555555557,0.35555555555555557,0.888268156424581,0.0
